日付,タイトル,URL
2019/04/17,"『Nissy Entertainment ""5th Anniversary” BEST DOME TOUR 』 京セラドーム大阪 会場周辺エリアマップ公開！",https://avex.jp/nissy/news/./detail.php?id=1071965
2019/04/17,"5周年もやります！東京ドーム公演に合わせてLippyのアミューズメント専用景品が登場♪
セガ東京ドームシティ店舗ジャック♪",https://avex.jp/nissy/news/./detail.php?id=1071961
2019/04/16,◆音楽配信サービス「AWA」にて、Nissy(西島隆弘)の楽曲がたったの月額270円(税込)で聴き放題がスタートしました♪,https://avex.jp/nissy/news/./detail.php?id=1071937
2019/04/09,"Nissy Entertainment ""5th Anniversary” BEST DOME TOUR　京セラ・東京ドーム公演当日引換特別先着販売決定！",https://avex.jp/nissy/news/./detail.php?id=1071703
2019/03/29,"『Nissy Entertainment ""5th Anniversary” BEST DOME TOUR 』 ナゴヤドーム会場周辺エリアマップ公開！
",https://avex.jp/nissy/news/./detail.php?id=1071384
2019/03/29,"Nissy Entertainment ""5th Anniversary” BEST DOME TOUR　名古屋公演　当日引換特別先着販売決定！",https://avex.jp/nissy/news/./detail.php?id=1071368
2019/03/22,"『Nissy Entertainment ""5th Anniversary” BEST DOME TOUR 』デジタルアンケート実施！！",https://avex.jp/nissy/news/./detail.php?id=1071144
2019/03/16,4大ドームツアー開幕に先駆け、本日より新曲「Affinity」の楽曲配信スタート&「Affinity」Music Video -Short Vocal ver.-公開！,https://avex.jp/nissy/news/./detail.php?id=1070887
2019/03/15,"Nissy Entertainment ""5th Anniversary” BEST DOME TOUR　福岡公演　当日引換特別先着販売決定！
",https://avex.jp/nissy/news/./detail.php?id=1070912
2019/03/15,"『Nissy Entertainment ""5th Anniversary” BEST DOME TOUR 』 福岡 ヤフオク！ドーム会場周辺エリアマップ公開！",https://avex.jp/nissy/news/./detail.php?id=1070905
2019/03/12,"『Nissy Entertainment ""5th Anniversary"" BEST DOME TOUR』ライブ会場でのCD・MUSIC CARD・DVD/Blu-rayの販売について",https://avex.jp/nissy/news/./detail.php?id=1070797
2019/03/11,"『Nissy Entertainment ""5th Anniversary"" BEST DOME TOURオフィシャルグッズライトの「事前座席認証」のご案内』",https://avex.jp/nissy/news/./detail.php?id=1070775
2019/03/08,プロデュースした2種類の香水のロールオンが発売！銀座三越にてポップアップショップも決定！,https://avex.jp/nissy/news/./detail.php?id=1070732
2019/03/04,「Nissy Entertainment SHOP＆CAFE」今年もツリービレッジにて期間限定でOPEN！,https://avex.jp/nissy/news/./detail.php?id=1070558
2019/03/04,"『Nissy Entertainment ""5th Anniversary"" BEST DOME TOUR』
開催に合わせて各地でのPOPUP STOREがOPEN♪
東京ではツリービレッジにて今回も「Nissy Entertainment SHOP&CAFE」開催決定!!",https://avex.jp/nissy/news/./detail.php?id=1070556
2019/02/25,『エル・ジャポン』5月号（3月28日発売）の特別版表紙に決定！,https://avex.jp/nissy/news/./detail.php?id=1070303
2019/02/25,"【Nissy Entertainment ""5th Anniversary” BEST DOME TOUR】京セラドーム　バルコニー指定席販売開始のお知らせ",https://avex.jp/nissy/news/./detail.php?id=1070276
2019/03/04,"『Nissy Entertainment ""5th Anniversary"" BEST DOME TOUR』福岡ヤフオク！ドーム公演を記念した、納得（!?）のコラボ発表♪
",https://avex.jp/nissy/news/./detail.php?id=1070259
2019/02/22,"【Nissy Entertainment ""5th Anniversary” BEST DOME TOUR】一般発売のお知らせ",https://avex.jp/nissy/news/./detail.php?id=1070242
2019/02/15,"【Nissy Entertainment ""5th Anniversary” BEST DOME TOUR】先着先行受付スタート！",https://avex.jp/nissy/news/./detail.php?id=1070011
